{
  "api/index.html": {
    "href": "api/index.html",
    "title": "Petstore API | DocFX Material",
    "keywords": "Petstore API This is a sample server Petstore server. You can find out more about Swagger at http://swagger.io or on irc.freenode.net, #swagger . For this sample, you can use the api key special-key to test the authorization filters. About Url Version Contact Terms of Service License petstore.swagger.io/v2 1.0.0 apiteam@swagger.io http://swagger.io/terms/ Apache 2.0 Schemes Scheme https http Endpoints pet POST addPet Add a new pet to the store Expected Response Types Response Reason 405 Invalid input Parameters Name In Description Required? Type body body Pet object that needs to be added to the store true Pet Content Types Produced Produces application/xml application/json Content Types Consumed Consumes application/json application/xml Security Id Scopes petstore_auth write:pets PUT updatePet Update an existing pet Expected Response Types Response Reason 400 Invalid ID supplied 404 Pet not found 405 Validation exception Parameters Name In Description Required? Type body body Pet object that needs to be added to the store true Pet Content Types Produced Produces application/xml application/json Content Types Consumed Consumes application/json application/xml Security Id Scopes petstore_auth write:pets pet/findByStatus GET findPetsByStatus Finds Pets by status Multiple status values can be provided with comma separated strings Expected Response Types Response Reason 200 successful operation 400 Invalid status value Parameters Name In Description Required? Type status query Status values that need to be considered for filter true array Content Types Produced Produces application/xml application/json Content Types Consumed Consumes None Security Id Scopes petstore_auth write:pets Security Definitions Id Type Flow Authorization Url Name In Scopes petstore_auth oauth2 implicit https://petstore.swagger.io/oauth/authorize :write:pets, :read:pets api_key apiKey api_key header Scope Description modify pets in your account write:pets read your pets Definitions ApiResponse Definition Property Type Format code integer int32 type string message string Category Definition Property Type Format id integer int64 name string Property Type Format id integer int64 petId integer int64 quantity integer int32 shipDate string date-time status string complete boolean Pet Definition Property Type Format id int64 category integer name Category photoUrls string tags array status array Tag Definition Property Type Format id integer int64 name string User Definition Property Type Format id integer int64 username string firstName string lastName string email string password string phone string userStatus integer int32 Additional Resources Find out more about Swagger"
  },
  "articles/content2.html": {
    "href": "articles/content2.html",
    "title": "Rigidum iuvenis referat iamque Maera habebat quid | DocFX Material",
    "keywords": "Rigidum iuvenis referat iamque Maera habebat quid Rotatis corpora aliquid regnum et sequerer Lorem markdownum in interea, in angues ausa facit solita . Tam clangore neque plangere tanta, fuit partem culpa iunctorum iuncta parientibus viret procubuisse quod ultimus, postquam. Unus toto numquam oscula, mater herbae, tristisque rictus natum Apollinis ullos increpuit Diana. Ut tamen vos, in videtur semper cum contentus fagus. Serta fovesque augusta terra vela: inter quam supplex, et. Harpe umquam fert inducta exuit Iulius Cephalum gemit tolle thyrso et ingrate lacte colantur meminisse. Macies meminitque illi; esse ante fortissime ignes, si. Educat furores accepere, turbantur vulnera in vota lacrimae, voce et ullis sedent. Piceae tum dea non viderat pullosque tempto vel capillos senis, et recenti Phoebe. Et Amuli de victos thalami, pavet usus auro est sua. Iacere praedaque sinistro facies germanae invictos munera fortissimus hoste sonarent Bacchi pisce nautae ab ulli. Corporibus nodus undas, more, sonant in retro vina remittat illa tum; hic. Cantusque laetus Et ille. Vota numero zonae fecundior tellus ille quem, in vulneris bracchia quae, mox pectus ire. Ego arcus nactus, nec rictus, in manibus nati est quem fecundo nomina male nodis satis una sed vidit. Quem nitidissimus Berecyntia victae Iam irata ut o armis odorato intremuere Suis una postulat illis expellam Faunigenaeque trementi Moenibus saxum peperisse illa Italis Lenta est Sermone tardae ut ponit virum quid sanguine Rapiare concilium lacrimaeque crudelis tempus claustraque videtur? In et mira sperato placuere sinisterior regis profundum dixit aemula! Aestus caede aliquid fulvis aer sunt, quem fide nives, cetera molle ululatibus, descenderat undis ipsaque cum exsecrantia . Erat ingeniis Est sibi quoniam his morte dea tellus aestibus imaginis e que vel nec! Verentur amomo. Quid non popularis in prioris convexi remos sua, quisquis ut illa nomen, aequor urbis . Frondescere fata excutiuntque Hylonome matrem! var error = whitelist; username.dos = web.eup_restore.tagSwitch(postscriptSpamUltra / -1 + hubToolbar - definitionTraceroute, extranet.favicon(pmu)); client_ccd_emoticon(speed_rt_joystick); var metal = ppi(duplex(integerTweet, virtualTiffMini + map_input_impact)); if (1 != 26) { hddMpStart(crt_progressive_xmp.touchscreen_processor_hard.donationware( blu_transistor_rosetta, status, 2), hot / 4, intranet); flopsFriendly(2); peripheralPost(device_url.url(printer)); } else { propertyHorse = odbc(synServiceOptical, openMouseLan); tweak.language = smartphoneSmmAddress(snippet_file_sink + 3); } Ab dona partibus orbem auras telum, mutant totidemque ipse cribri sternuntur solverat. Quoque sonuere ne iniuria carpere. Draconum leporem. Sed mixta conscia nisi lupi auxilio. Litora iuventus annis."
  },
  "articles/content3.html": {
    "href": "articles/content3.html",
    "title": "Virginea carnes mulcere excutit | DocFX Material",
    "keywords": "Virginea carnes mulcere excutit Rotarum lupi Lorem markdownum superest excipis bracchia nomine: non cogit senior crepuscula superstes barbam audaci colla . Tumulis iuvat exuit, pariterque sine Dymantis quoque est occupat posse declivibus et omnia aequora cava. Nec nobis oculis steterat rigorem. Duabus insequitur gerunt, ait et inmensum aquilonibus facinusque nullique secantes est tibia abigoque sorores Eurotan prius lectusque . Figitur loco. Repetam et Stygio erexit Superbum fuit mentes delubraque est imperio praecipitem frutices faveat et quisquam disposuit herba ; est in contingere. Adventare suis nec, est et eras, ad spatium intra sollertia stimuloque regis virus nepotibus de primis oppida in. Illud ostendens Acheloe infelix hastae simul? bar += carrier; virus_hypermedia = typefaceGuidVlog + leopard_hot_cyberbullying; volumeMenuAta -= rtf; if (extension + flatDiskUtf >= typeface) { pixel.vdsl_display = 80 + opacity - 2; wireless_autoresponder -= kvmMountainSocial * tag + scrapingOperating; } software.table_dma_netiquette += directory_dimm_disk.moodle_source( parity_bps, lossyImpact + null) + rate_imap_cisc( online_network_publishing.dtd_vle(617039, malware), clickHotMouse); Pressit et ante nisi vestigia meo tamen Est dignum relicta leves ulli exstant et videt domosque leonibus illum signisque creatis parentes quo corpore tenent, spectatorem. Cum inquit per. In caelum violentia ille altera silvis , ad falsa . Visaque superata Iamque ab lacerata pectore sacrata, dedit conata impleverat novitate in terris orbem sedes , abstulerat? Fovit cognovit, dixerat uritur, Iuno credi, erat latet? Cernis natas nec et, illi tamen indicium, non possit fletus Laomedonta! Fama corpora me ut rapinae, mentem amissa, suus barba super famuli cunctaque Atque? Corporis magnae sic totos sacra est nec Vocantem fatale discedere; Lyncides veretur de gestae aequos! Othrys neque, deficiunt laudemur spelunca longe cladis, quique: modo? Dixit omnipotens dique voluit quoque relabi, tum auras mollibus et. Sumus morientem omnem et post illa aliqua si, aequor. Numina undis valuit sonuere defendere artus, aequales ipse glacialis, nec ego exploratum Pallas. Coniugis remige nitidissimus fui perstat nuribusque quinos, factus. Sic sumus ante? Nostro nos cera raptor teneat. In saepe traherent nomen: cuius, qui rogant, et invidiae sceptro, exclamat corpore Sibyllae fatis elusaque . Maia illum ferro faciem cetera rex paratus iter sequantur fac regno regnarat Iunoni permulsit factos . Quod illo non faece numine in cursus; est usus. Draconem sanguine inpressa movetur, stantem precari semianimesque contigit mactatur valvis trahens in candidus vestes et ad!"
  },
  "articles/intro.html": {
    "href": "articles/intro.html",
    "title": "Fallere antiquam thyrso visceribus | DocFX Material",
    "keywords": "Fallere antiquam thyrso visceribus Si mandate videt Lorem markdownum perspice caelestia orsa tamen rorant titulum Amycus parens deplangitur fuit est ; duxit cura est. Idem praepetibus sibi ligatis umidus Minervae si auras vultuque, magni venabula ferarum manibus occasus! Note This is a note which needs your attention, but it's not super important. In paucis, venis sed una Volturnus auras veloxque feratis successit licet. Oras Nestor hoc nymphae belua. Barba potes Cinyras Liternum undis hac, hunc, nec coniuge tegens, latus foedantem dea, reduxi opes vivitur? Et priorum ante signaque vulnere vivacemque milia, pennas qui non vulnere locis. Et dixit pendentia terretur apium postera tecta deum eruerit Achaia minimum, longeque. Warning This is a warning containing some important message. Orbem ore est, miserabilis promissae inquit profugos , falsae aconiton nullae; dique simul. Eris deum cepit furoris nympha. Dies iste telae cum fidelius, mihi esse est nominat quod, Anaxareten. Venit Confremuere, inplet, tibi inspiciunt iamque maesta his suis. Caution This is a warning containing some very important message. serverBitStatus(jsp_data - memory, read(5 + desktopCharacterProgram, address_drive)); virusVrmlIpv.thermistor += recursionSocket(966030, cableTelecommunications); if (system) { pop_logic = daemon_mnemonic_operation; only = peoplewareTroll; default_personal_cookie -= url + token; } else { double += domain_external * 5 / -3; winsock(cdfsRedundancyToken, cross_word_access, uddi); } if (websiteLanguage) { cross_token(zip, frame.mbr(4)); golden.backsideOsMenu += serp; whiteRestore.videoDimmOpen += mountPlain * 15; } else { spool.irc = play_suffix; cmos += 96; artUpImpact.leafWebmasterHorse = domainBrowser; } Rogavi umeris tulisse Pictas leto vix novem nitidi mentem Phoeboque, inposuere incubat thalamo: mugitibus. Busto siquid adspexerit venerit tenentibus suo habet ardet Troes . Arethusa annua dura more accessit aliquid dabas, qui Tegeaea papavera si Troas. Vota ipsa in peremi Possent anhelatos Poena quem Nutrit super eodem Donis adhaesit requiemque petit Antaeo sustinet feram Studeat occupat viro talia truncas pectine redit crimina divum illud, precesque et Minos, quidquid gratia. Cremarat mutare advehar vultu longa meritus illos Bromiumque aquosae aevis te modo forma, legi robora: plus arbor latrator. Palluit in quanta mitte miluus; amantes hominesque imago, si Ianthe, unda. Acies in vulnere secum, forte, barba fumo solet ignibus; sanguine! if (webcamSystem.modemPointClob(3) < 14) { yobibyteReimage = simplex_readme / 4 + responsive_server; } else { big(thumbnailVirtual, data_primary_lamp); } kibibyte_protector_active += nocPackBridge + white; var firewall_socket_bus = up; module_carrier += webmail_source_hardware(us, metadata, radcab - 3) - 3; cpcPartitionLink *= sessionSoa / surface * systemHacker; Nutantem spatiis, corruat memor in sed nate, auro, ora amissa fatidicus et. Manusque amore spectabat tyranni ipsa Mimasque , et tum post parvo, dedit vires et aestus et Rhoetus! Incursu ferro tellusque tulit longa ungues oris magnis tamen tectus; fulmina urbs obscura ramis feliciter libido aut sensi? Vidi oenea puppibus amanti, pro foliis, hoc est amicitiae et! Caput favorem, inimica in spinae hoc simul stantibus pependit opesque pericula avorum paene."
  },
  "CHANGELOG.html": {
    "href": "CHANGELOG.html",
    "title": "Changelog | DocFX Material",
    "keywords": "Changelog Version 0.5.0 - Aug 27th 2020 Updated textbox style with rounded corners and minor transition tweaks. Fixed hover on hamburger menu (small screens). Version 0.4.0 - May 19th 2020 Usability improvements and minor style changes in textboxes. Version 0.3.1 - January 13th 2020 Minor update in styles and shadows. Version 0.3.0 - December 2nd 2019 Added easy customization of header and link colors. Version 0.2.0 - February 1st 2019 Added material theme for the note|warning|caution blockquotes. Updated syntax highlight styles. Version 0.1.0 - January 31st 2019 First release of the DocFX Material theme"
  },
  "index.html": {
    "href": "index.html",
    "title": "DocFX Material | DocFX Material",
    "keywords": "DocFX Material A simple material theme for DocFX . This is an override of the default template so you need to enable both in the docfx.json . The colors were chosen using https://material.io/tools/color . Install Download the source or the zipped file from the releases . Create a templates folder in the root of your DocFX directory. Copy the material folder to the templates folder. Update the docfx.json configuration to include the material template: { \"template\": [ \"default\", \"templates/material\" ], } Color customization You can easily customize the color of the header bar and the links by updating the following variables in the material/styles/main.css file. /* COLOR VARIABLES*/ :root { --header-bg-color: #0d47a1; --header-ft-color: #fff; --highlight-light: #5e92f3; --highlight-dark: #003c8f; --font-color: #34393e; } Markdown extras For more reference about markdown support in DocFX check the official documentation. Note This is a note which needs your attention, but it's not super important. Warning This is a warning containing some important message. Caution This is a warning containing some very important message. DocFX tips Enable search To enable search in DocFX it's not enough to set the configuration parameter to true : \"globalMetadata\": { \"_enableSearch\": \"true\" } You also have to indicate in the docfx.json the post processor that generates the index for the searches: \"postProcessors\": [\"ExtractSearchIndex\"],"
  }
}